name,date
H5N1|A/chicken/Czech_Republic/2131-6/2025|EPI3978697|2025-02-04,2025.2.4
H5N1|A/duck/USA/24-036645-015/2024|EPI3743516|2024-12-05,2024.12.5
H5N1|A/swan/Croatia/V-27-24_25VIR117-9/2024|EPI3861485|2024-03-11,2024.3.11
H5N1|A/canada_goose/Massachusetts/004865-010/2024|EPI3979849|2024-02-05,2024.2.5
H5N1|A/duck/Florida/24-029493-001/2024|EPI3678992|2024-10-07,2024.10.7
H5N1|A/duck/California/24-035913-008-R2/2024|EPI4006633|2024-11-29,2024.11.29
H5N1|A/laying-hen/Bulgaria/1619_24VIR11025-15/2024|EPI3873305|2024-10-14,2024.10.14
H5N1|A/chicken/USA/24-037219-002/2024|EPI3747025|2024-12-10,2024.12.10
H5N1|A/canada_goose/Massachusetts/004865-024/2024|EPI3980311|2024-02-05,2024.2.5
H5N5|A/large-billed_crow/Hokkaido/B105/2024|EPI3539755|2024-02-19,2024.2.19
H5N1|A/swan/Moldova/10068-1_24VIR10981-55/2024|EPI3853240|2024-11-19,2024.11.19
H5N1|A/common_teal/Italy/24VIR10118-18/2024|EPI3679021|2024-11-16,2024.11.16
H5N1|A/Duck/Volta/AI-T-24-452/2024|EPI3596941|2024-07-05,2024.7.5
H5N1|A/Ross's_goose/Louisiana/W24-1056/2024|EPI4100603|2024-12-11,2024.12.11
H5N1|A/chicken/Italy/25VIR106-1/2025|EPI3849322|2025-01-07,2025.1.7
H5N1|A/bald_eagle/Michigan/24-001663-001-original/2024|EPI3656389|2024-01-11,2024.1.11
H5N1|A/chicken/Gifu/23A1T/2024|EPI3489112|2024-01-05,2024.1.5
H5N1|A/chicken/California/24-034655-001/2024|EPI3819507|2024-11-18,2024.11.18
H5N1|A/pigeon/USA/24-033967-002/2024|EPI3678884|2024-11-09,2024.11.9
H5N1|A/turkey/Iowa/24-036948-001/2024|EPI3884848|2024-12-10,2024.12.10
H5N1|A/chicken/Washington/24-034062-001/2024|EPI3821388|2024-11-13,2024.11.13
H5N1|A/turkey/Germany-MV/2025AI00004/2024|EPI4028323|2024-12-31,2024.12.31
H5N5|A/Herring_Gull/England/140706/2024|EPI3625662|2024-09-28,2024.9.28
H5N1|A/swan/Germany-ST/2024AI04233/2024|EPI3687871|2024-09-11,2024.9.11
H5N1|A/laying_hen/Poland/H467NM/2024(H5N1)|EPI3685474|2024-11-03,2024.11.3
H5N5|A/Great_Black-Backed_Gull/NS/FAV-0243-2/2024|EPI4018982|2024-05-01,2024.5.1
H5N1|A/cygnus_olor/Slovenia/PER1674-24TAZ_24VIR9358-13/2024|EPI3637660|2024-10-15,2024.10.15
H5N1|A/chicken/Arkansas/24-038151-001/2024|EPI3901865|2024-12-18,2024.12.18
H5N1|A/Gallus_gallus/Belgium/01068_0002/2025|EPI3901968|2025-01-29,2025.1.29
H5N1|A/turkey/Italy/24VIR8451-14/2024|EPI3597012|2024-10-01,2024.10.1
H5N1|A/Hooded_crane/Kagoshima/KU-24-17/2024_(H5N1)|EPI3756809|2024-11-21,2024.11.21
H5N1|A/chicken/Czech_Republic/17076-3/2024|EPI3680062|2024-11-05,2024.11.5
H5N1|A/yellow-legged-gull/Italy/25VIR427-2/2025|EPI3932245|2025-01-10,2025.1.10
H5N1|A/chicken/USA/24-032191-001/2024|EPI3675737|2024-10-30,2024.10.30
H5N1|A/Mute_Swan/Germany-HH/2024AI04521/2024|EPI3688012|2024-10-18,2024.10.18
H5N1|A/duck/Illinois/25-000060-001/2024|EPI4006537|2024-12-31,2024.12.31
H5N1|A/Gallus_gallus/Belgium/00910_0001/2025|EPI3905553|2025-01-27,2025.1.27
H5N1|A/duck/Germany-RP/2024AI05172/2024|EPI4028279|2024-12-28,2024.12.28
H5N1|A/snow_goose/Kentucky/W24-1066/2024|EPI4100496|2024-12-13,2024.12.13
H5N1|A/common_loon/Massachusetts/014126-016/2024|EPI3980871|2024-03-11,2024.3.11
H5N1|A/chicken/Czech_Republic/18965-3/2024|EPI3785954|2024-12-04,2024.12.4
H5N1|A/chicken/Utah/24-035260-002/2024|EPI3823506|2024-11-21,2024.11.21
H5N1|A/duck/Hawaii/24-034987-008/2024|EPI3823593|2024-11-15,2024.11.15
H5N1|A/Black-headed_Gull/Italy/24VIR9215-2/2024|EPI3627947|2024-10-21,2024.10.21
H5N1|A/yellow-legged-gull/Italy/25VIR588-1/2025|EPI3932268|2025-01-10,2025.1.10
H5N1|A/chicken/USA/24-031286-006/2024|EPI3649515|2024-10-15,2024.10.15
H5N1|A/chicken/Puerto_Rico/25-000491-001/2024|EPI4006753|2024-12-30,2024.12.30
H5N1|A/mute_swan/Czech_Republic/17294-4/2024|EPI3680134|2024-11-08,2024.11.8
H5N1|A/chicken/Czech_Republic/611-1/2025|EPI3873545|2025-01-13,2025.1.13
H5N1|A/Chicken/BC/FAV-0284-1/2024|EPI3651286|2024-11-01,2024.11.1
H5N1|A/mute_swan/Italy/24VIR9461-2/2024|EPI3637509|2024-10-28,2024.10.28
H5N1|A/turkey/Italy/24VIR1352-4/2024|EPI3093151|2024-02-20,2024.2.20
H5N1|A/Hooded_crane/Kagoshima/KU-24-20/2024_(H5N1)|EPI3871216|2024-11-21,2024.11.21
H5N1|A/Larus_michaellis/Spain/4508-11_24VIR10678-46/2024|EPI3729904|2024-10-30,2024.10.30
H5N1|A/chicken/Czech_Republic/18657-5/2024|EPI3785930|2024-11-29,2024.11.29
H5N1|A/chicken/USA/24-031862-015/2024|EPI3649475|2024-10-27,2024.10.27
H5N1|A/sanderling/Massachusetts/007610-003/2024|EPI3980064|2024-02-23,2024.2.23
H5N1|A/domestic_duck/Czech_Republic/18656-1/2024|EPI3785874|2024-11-28,2024.11.28
H5N1|A/Morus_bassanus/Spain/4274-27_24VIR10678-45/2024|EPI3729897|2024-10-23,2024.10.23
H5N1|A/chicken/Czech_Republic/17651-3/2024|EPI3680198|2024-11-17,2024.11.17
H5N1|A/turkey/Poland/H75-T1/2024(H5N1)|EPI3182916|2024-02-26,2024.2.26
H5N1|A/green-winged_teal/North_Carolina/24-001600-005-original/2024|EPI3656341|2024-01-06,2024.1.6
H5N1|A/chicken/Iowa/24-036502-001/2024|EPI3901521|2024-12-08,2024.12.8
H5N1|A/swan/Croatia/V-119-24_25VIR117-13/2024|EPI3684918|2024-10-24,2024.10.24
H5N1|A/laying-hen/Italy/24VIR11586-3/2024|EPI3774162|2024-12-30,2024.12.30
H5N5|A/Pheasant/England/044085/2024|EPI3625518|2024-09-23,2024.9.23
H5N1|A/chicken/Czech_Republic/20125-2/2024|EPI3873626|2024-12-20,2024.12.20
H5N1|A/chicken/Slovakia/Vh-1919/2024|EPI3766312|2024-10-16,2024.10.16
H5N1|A/chicken/Northern-Ireland/25-002179_2-14310_25VIR1796-7/2025|EPI4114710|2025-02-22,2025.2.22
H5N1|A/chicken/Czech_Republic/17651-1/2024|EPI3680182|2024-11-17,2024.11.17
H5N1|A/canada_goose/Massachusetts/004865-016/2024|EPI3979809|2024-02-05,2024.2.5
H5N1|A/chicken/Idaho/25-000072-001/2024|EPI4006745|2024-12-26,2024.12.26
H5N1|A/chicken/Czech_Republic/16692-1/2024|EPI3680006|2024-10-23,2024.10.23
H5N1|A/chicken/Czech_Republic/2379-2/2025|EPI3998588|2025-02-09,2025.2.9
H5N1|A/pheasant/Kansas/24-000769-001-original/2024|EPI3509759|2024-01-08,2024.1.8
H5N1|A/american_crow/Massachusetts/014126-024/2024|EPI3980807|2024-03-20,2024.3.20
H5N1|A/Hooded_crane/Kagoshima/KU-24-9/2024_(H5N1)|EPI3872654|2024-11-19,2024.11.19
H5N1|A/tufted_duck/Niigata/5111001/2024|EPI3665496|2024-11-03,2024.11.3
H5N1|A/chicken/Czech_Republic/15043_2/2024|EPI3633338|2024-10-08,2024.10.8
H5N1|A/common-shelduck/Italy/24VIR11623-6/2024|EPI3853264|2024-12-24,2024.12.24
H5N1|A/Chicken/BC/FAV-0266-1/2024|EPI3646667|2024-10-21,2024.10.21
H5N1|A/peregrine_falcon/Hokkaido/4803Z006/2024|EPI3292998|2024-03-15,2024.3.15
H5N1|A/chicken/Czech_Republic/2131-2/2025|EPI3978625|2025-02-04,2025.2.4
H5N1|A/swan/Croatia/V-113-24_25VIR117-12/2024|EPI3684917|2024-10-24,2024.10.24
H5N1|A/swan/Moldova/10068-2_24VIR10981-56/2024|EPI3853248|2024-11-20,2024.11.20
H5N1|A/turkey/Minnesota/24-038168-001/2024|EPI3901913|2024-12-19,2024.12.19
H5N1|A/chicken/Florida/24-027090-001/2024|EPI3678928|2024-09-16,2024.9.16
H5N1|A/chicken/Florida/24-029152-001/2024|EPI3678936|2024-10-02,2024.10.2
H5N1|A/chicken/Nebraska/24-037518-001/2024|EPI3901673|2024-12-13,2024.12.13
H5N5|A/White-tailed_eagle/Norway/2024-07-14/2024|EPI2966934|2024-01-16,2024.1.16
H5N1|A/swan/Iowa/24-037722-001/2024|EPI3901729|2024-12-14,2024.12.14
H5N1|A/duck/Florida/24-027844-002-R2/2024|EPI3679000|2024-09-19,2024.9.19
H5N1|A/mute_swan/Austria/24149492/2024|EPI3721762|2024-11-11,2024.11.11
H5N1|A/chicken/USA/24-031286-011/2024|EPI3648525|2024-10-15,2024.10.15
H5N5|A/Herring_Gull/England/140537/2024|EPI3625654|2024-09-25,2024.9.25
H5N1|A/Larus_argentatus/Belgium/09306_0004/2024|EPI3864057|2024-08-13,2024.8.13
H5N1|A/chicken/USA/24-031285-007/2024|EPI3649627|2024-10-16,2024.10.16
H5N1|A/laying_hen/Italy/24VIR9553-2/2024|EPI3637549|2024-10-31,2024.10.31
H5N1|A/turkey/Nebraska/24-036590-002/2024|EPI3884792|2024-12-08,2024.12.8
H5N1|A/laying-hen/Bulgaria/702_24VIR11025-7/2024|EPI3873281|2024-04-16,2024.4.16
H5N1|A/turkey/Italy/25VIR112-2/2025|EPI3849362|2025-01-07,2025.1.7
H5N1|A/sanderling/Virginia/W24-190E/2024|EPI3355293|2024-03-09,2024.3.9
H5N1|A/turkey/Minnesota/24-036792-002/2024|EPI3884816|2024-11-26,2024.11.26
H5N1|A/chicken/Nebraska/24-037436-001/2024|EPI3901537|2024-12-12,2024.12.12
H5N1|A/chicken/Czech_Republic/18651-2/2024|EPI3761497|2024-11-27,2024.11.27
H5N1|A/Canada_Goose/Germany-TH/2024AI04292/2024|EPI3688048|2024-10-07,2024.10.7
H5N1|A/turkey/USA/24-031284-029/2024|EPI3649691|2024-10-17,2024.10.17
H5N1|A/turkey/South_Dakota/24-035687-001/2024|EPI3823745|2024-12-01,2024.12.1
H5N1|A/ring-necked_duck/Tennessee/155/2024|EPI4100399|2024-11-23,2024.11.23
H5N1|A/mute_swan/Slovakia/Vh-2078/2024|EPI3766392|2024-10-26,2024.10.26
H5N1|A/chicken/Czech_Republic/18657-2/2024|EPI3785906|2024-11-29,2024.11.29
H5N5|A/Herring_Gull/England/141099/2024|EPI3625702|2024-10-09,2024.10.9
H5N1|A/seagull/Italy/25VIR1707-1/2025|EPI4117475|2025-02-13,2025.2.13
H5N1|A/Hooded_crane/Kagoshima/KU-24-39/2024_(H5N1)|EPI3872726|2024-11-27,2024.11.27
H5N1|A/Canada_Goose/Germany-BY/2025AI01283/2025|EPI4070972|2025-02-12,2025.2.12
H5N5|A/Iceland_Gull/NS/FAV-0026-3/2025|EPI4019222|2024-12-10,2024.12.10
H5N1|A/chicken/USA/24-034440-001/2024|EPI3677595|2024-11-16,2024.11.16
H5N5|A/Great_Black-Backed_Gull/Scotland/043863/2024|EPI3625486|2024-09-19,2024.9.19
H5N1|A/chicken/USA/24-037217-029/2024|EPI3747108|2024-12-10,2024.12.10
H5N1|A/American_wigeon/North_Carolina/24-002161-002-original/2024|EPI3604999|2024-01-13,2024.1.13
H5N1|A/mute_swan/Austria/24148567-001/2024|EPI3721722|2024-11-11,2024.11.11
H5N1|A/sanderling/Massachusetts/007610-004/2024|EPI3980056|2024-02-24,2024.2.24
H5N1|A/Barnacle_Goose/Germany-NI/2024AI05042/2024|EPI4028231|2024-11-22,2024.11.22
H5N1|A/Mute_Swan/Germany-MV/2024AI04271/2024|EPI3687988|2024-09-20,2024.9.20
H5N1|A/chicken/Washington/24-031352-003/2024|EPI3668356|2024-10-21,2024.10.21
H5N1|A/peafowl/Oregon/24-031478-001/2024|EPI3654081|2024-10-22,2024.10.22
H5N1|A/Hooded_crane/Kagoshima/KU-24-60/2024_(H5N1)|EPI4072564|2024-12-08,2024.12.8
H5N1|A/carrion_crow/Hokkaido/0111Q111/2024|EPI3789954|2024-11-20,2024.11.20
H5N1|A/chicken/California/24-034441-001/2024|EPI3819491|2024-11-18,2024.11.18
H5N1|A/duck/California/24-035915-005-R2/2024|EPI4006585|2024-11-28,2024.11.28
H5N1|A/large-billed_crow/Hokkaido/0111Q112/2024|EPI3789946|2024-11-21,2024.11.21
H5N1|A/wild_goose/Germany-BY/2025AI01255/2025|EPI4070996|2025-02-04,2025.2.4
H5N1|A/red-tailed_hawk/Massachusetts/004865-019/2024|EPI3980351|2024-01-13,2024.1.13
H5N1|A/chicken/USA/24-033692-002/2024|EPI3678820|2024-10-30,2024.10.30
H5N1|A/domestic_duck/Denmark/07164-7/2024|EPI4052756|2024-09-09,2024.9.9
H5N1|A/chicken/West_Virginia/25-000049-008/2024|EPI4006314|2024-12-31,2024.12.31
H5N1|A/chicken/Idaho/24-019884-001/2024|EPI3533527|2024-07-09,2024.7.9
H5N1|A/mute-swan/Croatia/3_24VIR670-9/2024|EPI3093143|2024-01-09,2024.1.9
H5N1|A/Greylag_Goose/Netherlands/24030130-002/2024|EPI3721574|2024-11-22,2024.11.22
H5N1|A/mute_swan/Slovakia/Vh-8082/2024|EPI3766424|2024-10-26,2024.10.26
H5N1|A/chicken/West_Virginia/25-000049-011/2024|EPI4006290|2024-12-31,2024.12.31
H5N1|A/emu/USA/24-031663-004/2024|EPI3648919|2024-10-23,2024.10.23
H5N1|A/mute_swan/Austria/24144823-001/2024|EPI3640755|2024-11-04,2024.11.4
H5N1|A/Peregrine_Falcon/Hokkaido/20241031001/2024_(H5N1)|EPI3872742|2024-10-31,2024.10.31
H5N1|A/chicken/Slovakia/Vh-2153/2024|EPI3766448|2024-11-04,2024.11.4
H5N1|A/mute_swan/Austria/24147571/2024|EPI3721714|2024-11-08,2024.11.8
H5N1|A/canada_goose/Massachusetts/004865-023/2024|EPI3980319|2024-02-05,2024.2.5
H5N5|A/White_Tailed_Eagle/Scotland/046520/2024|EPI3625734|2024-10-08,2024.10.8
H5N1|A/turkey/USA/24-031284-024/2024|EPI3649110|2024-10-17,2024.10.17
H5N1|A/chicken/USA/24-031862-002/2024|EPI3630552|2024-10-27,2024.10.27
H5N1|A/mute_swan/Czech_Republic/17294-3/2024|EPI3680126|2024-11-08,2024.11.8
H5N1|A/red-tailed_hawk/Virginia/W24-248F/2024|EPI3571146|2024-04-17,2024.4.17
H5N1|A/american_crow/Massachusetts/014126-063/2024|EPI3980599|2024-03-31,2024.3.31
H5N1|A/chicken/Nebraska/24-037436-002/2024|EPI3901545|2024-12-12,2024.12.12
H5N5|A/Great_Black-Backed_Gull/NS/FAV-0026-4/2025|EPI4019230|2024-12-10,2024.12.10
H5N1|A/Cackling_Goose/BC/AIVPHL-2533/2024|EPI3631422|2024-10-13,2024.10.13
H5N1|A/canada_goose/Massachusetts/014126-032/2024|EPI3980751|2024-02-12,2024.2.12
H5N1|A/duck/Idaho/24-037521-001/2024|EPI3901393|2024-12-12,2024.12.12
H5N1|A/domestic_duck/Czech_Republic/18651-4/2024|EPI3761505|2024-11-27,2024.11.27
H5N1|A/chicken/Czech_Republic/1927-1/2025|EPI3978649|2025-02-02,2025.2.2
H5N1|A/turkey/Germany-NI/2024AI05108/2024|EPI4028355|2024-12-10,2024.12.10
H5N1|A/snow_goose/Kansas/W24-1007B/2024|EPI4100439|2024-12-02,2024.12.2
H5N1|A/mute_swan/Austria/24148729-001/2024|EPI3721738|2024-11-09,2024.11.9
H5N1|A/chicken/USA/24-031862-005/2024|EPI3649800|2024-10-27,2024.10.27
H5N1|A/chicken/Idaho/25-000073-001/2024|EPI4006737|2024-12-26,2024.12.26
H5N1|A/domestic_duck/Czech_Republic/14476-5/24|EPI3614422|2024-09-27,2024.9.27
H5N1|A/chicken/USA/24-031862-018/2024|EPI3649443|2024-10-27,2024.10.27
H5N5|A/Great_Skua/Scotland/043851/2024|EPI3625478|2024-09-17,2024.9.17
H5N1|A/turkey/Denmark/00998-5/2024|EPI3091454|2024-02-04,2024.2.4
H5N1|A/snow_goose/Arkansas/AR24-104/2024|EPI4100423|2024-12-06,2024.12.6
H5N1|A/chicken/Egypt/NVH5N1B/2024|EPI3851332|2024-01-12,2024.1.12
H5N1|A/chicken/Czech_Republic/15910-4/2024|EPI3679982|2024-10-22,2024.10.22
H5N1|A/sanderling/Massachusetts/014126-059/2024|EPI3979913|2024-04-05,2024.4.5
H5N1|A/turkey/USA/24-028305-002/2024|EPI3599370|2024-09-24,2024.9.24
H5N1|A/bald_eagle/Georgia/W24-1067/2024|EPI4100631|2024-12-13,2024.12.13
H5N1|A/swan/Croatia/V-127-24_25VIR117-17/2024|EPI3861518|2024-11-20,2024.11.20
H5N1|A/EuropeanHerringGull/France/24P015392/2024|EPI3651338|2024-08-16,2024.8.16
H5N1|A/Mute_Swan/Germany-MV/2024AI03518/2024|EPI3688004|2024-07-19,2024.7.19
H5N1|A/white-winged_scoter/Massachusetts/014126-002/2024|EPI3980033|2024-02-27,2024.2.27
H5N1|A/American_wigeon/North_Carolina/24-001600-017-original/2024|EPI3656357|2024-01-06,2024.1.6
H5N1|A/bald_eagle/Massachusetts/014126-048/2024|EPI3979937|2024-03-27,2024.3.27
H5N1|A/Cackling_Goose/BC/AIVPHL-2520/2024|EPI3631399|2024-10-18,2024.10.18
H5N1|A/canada_goose/Massachusetts/014126-027/2024|EPI3980783|2024-02-14,2024.2.14
H5N5|A/Crow/Norway/2024-07-2937-4/2024|EPI3650267|2024-10-31,2024.10.31
H5N1|A/chicken/USA/24-037219-031/2024|EPI3742852|2024-12-10,2024.12.10
H5N1|A/duck/Utah/24-035686-002/2024|EPI3823577|2024-11-27,2024.11.27
H5N1|A/chicken/USA/24-031666-032/2024|EPI3649848|2024-10-25,2024.10.25
H5N1|A/turkey/South_Dakota/24-036334-001/2024|EPI3884880|2024-12-05,2024.12.5
H5N1|A/mute_swan/Italy/24VIR9502-2/2024|EPI3637533|2024-10-28,2024.10.28
H5N1|A/chicken/Italy/24VIR11614-1/2024|EPI3849275|2024-12-30,2024.12.30
H5N1|A/Canada_Goose/BC/AIVPHL-2530/2024|EPI3631375|2024-10-14,2024.10.14
H5N1|A/mute_swan/Italy/24VIR10210-2/2024|EPI3679125|2024-11-13,2024.11.13
H5N1|A/chicken/Wisconsin/24-037974-001/2024|EPI3901753|2024-12-17,2024.12.17
H5N1|A/mute_swan/Slovakia/Vh-2083/2024|EPI3766432|2024-10-26,2024.10.26
H5N1|A/Barnacle_Goose/Netherlands/25002058-002/2025|EPI4006256|2025-01-27,2025.1.27
H5N1|A/Red_Tailed_Hawk/BC/AIVPHL-1990/2024|EPI3484740|2024-02-06,2024.2.6
H5N1|A/sandwich_tern/Spain/1662-3_24VIR4860-18/2024|EPI3391473|2024-05-10,2024.5.10
H5N1|A/mute-swan/Slovenia/PER1879TA-24_25VIR818-3/2024|EPI3942953|2024-11-08,2024.11.8
H5N1|A/barnacle_goose/Sweden/SVA240110SZ0256/FB000047/M-2024|EPI2957032|2024-01-01,2024.1.1
H5N1|A/turkey/Wisconsin/24-037154-001/2024|EPI3884728|2024-12-11,2024.12.11
H5N1|A/swan/Croatia/V-121-24_25VIR117-15/2024|EPI3684919|2024-11-04,2024.11.4
H5N1|A/large-billed_crow/Hokkaido/0104B122/2024|EPI3293030|2024-04-11,2024.4.11
H5N1|A/mute_swan/Poland/MB008-2/2024|EPI2930781|2024-01-03,2024.1.3
H5N5|A/Chicken/NL/FAV-0053-4/2025|EPI4019302|2025-01-23,2025.1.23
H5N1|A/herring_gull/Rhode_Island/014130-006/2024|EPI3980471|2024-04-23,2024.4.23
H5N1|A/chicken/Slovakia/Vh-1996/2024|EPI3766336|2024-10-21,2024.10.21
H5N1|A/turkey/South_Dakota/24-035690-002/2024|EPI3823841|2024-12-01,2024.12.1
H5N1|A/turkey/Italy/25VIR769-1/2025|EPI3932292|2025-01-24,2025.1.24
H5N1|A/European_herring_gull/Netherlands/4/2024|EPI3884555|2024-12-15,2024.12.15
H5N1|A/eurasian-wigeon/Italy/24VIR10548-71/2024|EPI3735936|2024-11-23,2024.11.23
H5N1|A/European_herring_gull/Netherlands/6/2024|EPI3884569|2024-12-15,2024.12.15
H5N1|A/chicken/Czech_Republic/17125-2/2024|EPI3680094|2024-11-08,2024.11.8
H5N1|A/chicken/USA/24-033699-001/2024|EPI3678780|2024-10-30,2024.10.30
H5N1|A/turkey/Italy/25VIR69-2/2025|EPI3849307|2025-01-04,2025.1.4
H5N1|A/chicken/USA/24-033226-003/2024|EPI3675866|2024-11-03,2024.11.3
H5N1|A/mallard_duck/Italy/24VIR10241-1/2024|EPI3679093|2024-11-06,2024.11.6
H5N1|A/Larus_michaellis/Spain/3268-13_24VIR10678-32/2024|EPI3729807|2024-09-17,2024.9.17
H5N5|A/Herring_Gull/England/360557/2024|EPI3625718|2024-10-07,2024.10.7
H5N1|A/white-winged_scoter/Massachusetts/014126-041/2024|EPI3979961|2024-03-15,2024.3.15
H5N1|A/yellow-legged-gull/Italy/24VIR11104-2/2024|EPI3819108|2024-11-22,2024.11.22
H5N1|A/chicken/USA/24-037217-012/2024|EPI3746249|2024-12-10,2024.12.10
H5N1|A/chicken/Czech_Republic/2131-3/2025|EPI3978689|2025-02-04,2025.2.4
H5N1|A/EuropeanHerringGull/France/24P020272/2024|EPI3651386|2024-11-07,2024.11.7
H5N5|A/large-billed_crow/Hokkaido/B088/2024|EPI3539731|2024-02-07,2024.2.7
H5N1|A/chicken/Czech_Republic/19827-3/2024|EPI3873610|2024-12-13,2024.12.13
H5N1|A/little-owl/Italy/24VIR10728-1/2024|EPI3774227|2024-11-17,2024.11.17
H5N1|A/chicken/Minnesota/25-000082-002/2024|EPI4006338|2024-12-31,2024.12.31
H5N1|A/white-winged_scoter/Massachusetts/007609-003/2024|EPI3980135|2024-02-23,2024.2.23
H5N1|A/domestic_duck/Czech_Republic/18651-5/2024|EPI3761513|2024-11-27,2024.11.27
H5N1|A/turkey/USA/24-031284-006/2024|EPI3648533|2024-10-17,2024.10.17
H5N1|A/sanderling/Massachusetts/014126-052/2024|EPI3980661|2024-04-05,2024.4.5
H5N5|A/Chicken/Norway/2024-07-3002-5/2024|EPI3659228|2024-11-12,2024.11.12
H5N1|A/domestic_goose/Czech_Republic/168-4/2025|EPI3873658|2025-01-06,2025.1.6
H5N1|A/cygnus_olor/Slovenia/PER1707-24T2AZ_24VIR9358-17/2024|EPI3637564|2024-10-17,2024.10.17
H5N1|A/chicken/Czech_Republic/19491-2/2024|EPI3786042|2024-12-13,2024.12.13
H5N1|A/domestic_duck/Germany-MV/2024AI05017/2024|EPI4028263|2024-11-25,2024.11.25
H5N1|A/chicken/North_Dakota/24-034804-001/2024|EPI3821356|2024-11-21,2024.11.21
H5N1|A/broiler/Italy/24VIR11539-2/2024|EPI3774142|2024-12-24,2024.12.24
H5N1|A/chicken/Czech_Republic/3549-15/2024|EPI3139865|2024-02-26,2024.2.26
H5N1|A/goose/Washington/24-033829-001/2024|EPI3821408|2024-11-12,2024.11.12
H5N1|A/grey_goose/Austria/24144112/2024|EPI3640731|2024-11-03,2024.11.3
H5N1|A/chicken/USA/24-037217-006/2024|EPI3746265|2024-12-10,2024.12.10
H5N1|A/chicken/West_Virginia/25-000049-007/2024|EPI4006322|2024-12-31,2024.12.31
H5N1|A/chicken/USA/24-037217-007/2024|EPI3746257|2024-12-10,2024.12.10
H5N5|A/Herring_Gull/NL/OTH-0039-32/2024|EPI4019126|2024-04-29,2024.4.29
H5N1|A/chicken/Slovakia/Vh-1995/2024|EPI3766328|2024-10-21,2024.10.21
H5N1|A/domestic_duck/Poland/H57-T1/2024(H5N1)|EPI3183488|2024-02-15,2024.2.15
H5N1|A/chicken/Iowa/24-037488-006/2024|EPI3901585|2024-12-14,2024.12.14
H5N1|A/large-billed_crow/Hokkaido/B109/2024|EPI3539779|2024-02-21,2024.2.21
H5N5|A/Herring_Gull/NS/FAV-0245-3/2024|EPI4019006|2024-04-03,2024.4.3
H5N1|A/chicken/Moldova/5G-brain_24VIR10981-54/2024|EPI3853232|2024-11-07,2024.11.7
H5N1|A/duck/USA/24-033876-004/2024|EPI3673825|2024-11-12,2024.11.12
H5N1|A/turkey/Germany-NI/2024AI05064/2024|EPI4028339|2024-12-04,2024.12.4
H5N1|A/snow_goose/Kentucky/W24-1021B/2024|EPI4100471|2024-12-04,2024.12.4
H5N1|A/chicken/USA/24-031286-009/2024|EPI3648549|2024-10-15,2024.10.15
H5N1|A/turkey/South_Dakota/24-037528-002/2024|EPI3901697|2024-12-15,2024.12.15
H5N1|A/chicken/Iowa/24-037491-001/2024|EPI3901633|2024-12-13,2024.12.13
H5N1|A/chicken/Hokkaido/E012/2024|EPI3616513|2024-10-17,2024.10.17
H5N1|A/chicken/South_Dakota/24-037531-001/2024|EPI3901721|2024-12-11,2024.12.11
H5N5|A/red-tailed_hawk/Massachusetts/014126-021/2024|EPI3980839|2024-03-16,2024.3.16
H5N1|A/duck/Bangladesh/61904/2024|EPI3559771|2024-02-23,2024.2.23
H5N1|A/laying-hen/Italy/24VIR11319-1/2024|EPI3769497|2024-12-19,2024.12.19
H5N1|A/turkey/South_Dakota/24-035690-001/2024|EPI3823849|2024-12-01,2024.12.1
H5N1|A/large-billed_crow/Osaka/2702A051/2024|EPI3609591|2024-02-26,2024.2.26
H5N1|A/chicken/Slovakia/Vh-1997/2024|EPI3766344|2024-10-21,2024.10.21
H5N5|A/Kestral/Scotland/044473/2024|EPI3625726|2024-09-27,2024.9.27
H5N5|A/turkey_vulture/Massachusetts/014126-060/2024|EPI3980613|2024-05-01,2024.5.1
H5N1|A/domestic-duck/Bulgaria/860_24VIR11025-10/2024|EPI3873289|2024-05-09,2024.5.9
H5N1|A/Hooded_crane/Kagoshima/KU-24-25/2024_(H5N1)|EPI3872686|2024-11-22,2024.11.22
H5N1|A/mute-swan/Slovenia/PER2001TA-24_25VIR818-6/2024|EPI3942969|2024-11-21,2024.11.21
H5N1|A/snow_goose/Arkansas/AR24-102/2024|EPI4100415|2024-12-06,2024.12.6
H5N1|A/chicken/Yamaguchi/23A1T/2024|EPI3489120|2024-01-26,2024.1.26
H5N1|A/chicken/USA/24-031666-030/2024|EPI3649864|2024-10-25,2024.10.25
H5N1|A/domestic_duck/Czech_Republic/2268-9/2024|EPI3508753|2024-02-04,2024.2.4
H5N1|A/chicken/Alaska/24-034057-003/2024|EPI3819579|2024-11-12,2024.11.12
H5N1|A/mute_swan/Austria/24144842-003/2024|EPI3790010|2024-11-04,2024.11.4
H5N1|A/chicken/USA/24-031285-012/2024|EPI3649587|2024-10-16,2024.10.16
H5N1|A/White-naped_crane/Kagoshima/KU-24-16/2024_(H5N1)|EPI3756801|2024-11-21,2024.11.21
H5N1|A/chicken/Czech_Republic/17076-5/2024|EPI3680078|2024-11-05,2024.11.5
H5N1|A/chicken/USA/24-037219-003/2024|EPI3747017|2024-12-10,2024.12.10
H5N1|A/goose/Minnesota/24-038159-004/2024|EPI3901905|2024-12-17,2024.12.17
H5N1|A/chicken/Czech_Republic/17076-2/2024|EPI3680054|2024-11-05,2024.11.5
H5N1|A/chicken/USA/24-037219-012/2024|EPI3743003|2024-12-10,2024.12.10
H5N1|A/anser/Slovenia/PER130-24TAZ_24VIR9358-5/2024|EPI3637620|2024-02-07,2024.2.7
H5N1|A/Hooded_crane/Kagoshima/KU-24-26/2024_(H5N1)|EPI3872694|2024-11-19,2024.11.19
H5N1|A/Larus_michaellis/Spain/2836-4_24VIR10678-24/2024|EPI3729752|2024-08-12,2024.8.12
H5N1|A/swan/Croatia/V-11-24_25VIR117-4/2024|EPI3861437|2024-02-14,2024.2.14
H5N1|A/chicken/Czech_Republic/14504-2/2024|EPI3614446|2024-09-29,2024.9.29
H5N1|A/sanderling/Massachusetts/014126-054/2024|EPI3980653|2024-04-05,2024.4.5
H5N1|A/swan/Italy/24VIR11594-1/2024|EPI3819140|2024-12-23,2024.12.23
H5N5|A/Great_Black-Backed_Gull/NS/FAV-0050-1/2025|EPI4019286|2024-11-25,2024.11.25
H5N1|A/Eurasian_Wigeon/Germany-SH/2025AI00038/2025|EPI4028419|2025-01-02,2025.1.2
H5N1|A/chicken/USA/24-037217-013/2024|EPI3746241|2024-12-10,2024.12.10
H5N1|A/sanderling/Virginia/W24-190F/2024|EPI3355286|2024-03-09,2024.3.9
H5N5|A/Gannet/Scotland/046592/2024|EPI3625590|2024-10-04,2024.10.4
H5N1|A/chicken/Czech_Republic/611-2/2025|EPI3873666|2025-01-13,2025.1.13
H5N1|A/chicken/USA/24-037217-015/2024|EPI3747231|2024-12-10,2024.12.10
H5N1|A/EuropeanHerringGull/France/24P013921/2024|EPI3651402|2024-07-13,2024.7.13
H5N1|A/chicken/Slovakia/Vh-2208/2024|EPI3766488|2024-11-08,2024.11.8
H5N1|A/chicken/Czech_Republic/18965-4/2024|EPI3785962|2024-12-04,2024.12.4
H5N1|A/large-billed_crow/Hokkaido/0111B127/2024|EPI3665504|2024-11-10,2024.11.10
H5N1|A/peregrine_falcon/Italy/24VIR9106-2/2024|EPI3627971|2024-10-10,2024.10.10
H5N1|A/Ty/Israel/1015/2024|EPI3910933|2024-09-02,2024.9.2
H5N1|A/turkey/Germany-MV/2024AI05071/2024|EPI4028315|2024-12-06,2024.12.6
H5N1|A/white-winged_scoter/Massachusetts/007607-004/2024|EPI3979769|2024-02-27,2024.2.27
H5N1|A/herring_gull/Massachusetts/007609-009/2024|EPI3980088|2024-03-03,2024.3.3
H5N1|A/chicken/Czech_Republic/861-3/2024|EPI3018003|2024-01-12,2024.1.12
H5N1|A/canada_goose/Massachusetts/007608-010/2024|EPI3980159|2024-02-20,2024.2.20
H5N1|A/pheasant/Illinois/24-034185-003/2024|EPI3819458|2024-11-15,2024.11.15
H5N1|A/mute_swan/Italy/24VIR10352-2/2024|EPI3728653|2024-11-11,2024.11.11
H5N1|A/Grey_Heron/Germany-ST/2025AI01274/2025|EPI4070980|2025-02-07,2025.2.7
H5N1|A/turkey/USA/037523-001/2024|EPI3755831|2024-12-12,2024.12.12
H5N5|A/Cormorant/England/281523/2024|EPI3625550|2024-09-30,2024.9.30
H5N1|A/mute_swan/Austria/24148349-001/2024|EPI3721730|2024-11-11,2024.11.11
H5N1|A/canada_goose/Massachusetts/004865-008/2024|EPI3979865|2024-02-06,2024.2.6
H5N1|A/surf_scoter/Rhode_Island/014130-001/2024|EPI3980503|2024-03-08,2024.3.8
H5N1|A/turkey/Italy/24VIR8918-2/2024|EPI3609647|2024-10-14,2024.10.14
H5N1|A/great_horned_owl/New_Hampshire/014129-002/2024|EPI3980519|2024-02-03,2024.2.3
H5N1|A/canada_goose/Massachusetts/004865-011/2024|EPI3979841|2024-02-05,2024.2.5
H5N1|A/Gallus_gallus/Belgium/01608_0002/2025|EPI3978701|2025-02-17,2025.2.17
H5N1|A/mute_swan/Austria/24142228-002/2024|EPI3789978|2024-10-28,2024.10.28
H5N1|A/green-winged_teal/Texas/UGAI24-3048/2024|EPI4100695|2024-11-09,2024.11.9
H5N1|A/chicken/USA/24-031285-011/2024|EPI3649595|2024-10-16,2024.10.16
H5N1|A/turkey/Italy/24VIR8778-2/2024|EPI3609638|2024-10-11,2024.10.11
H5N1|A/turkey/USA/24-031284-025/2024|EPI3649024|2024-10-17,2024.10.17
H5N1|A/Larus_michaellis/Spain/3872-63_24VIR10678-42/2024|EPI3729881|2024-10-14,2024.10.14
H5N5|A/Herring_Gull/England/140534/2024|EPI3625646|2024-09-25,2024.9.25
H5N1|A/chicken/Czech_Republic/17076-1/2024|EPI3680046|2024-11-05,2024.11.5
H5N1|A/canada_goose/Massachusetts/007606-005/2024|EPI3980271|2024-02-08,2024.2.8
H5N1|A/chicken/USA/24-031862-001/2024|EPI3630810|2024-10-27,2024.10.27
H5N1|A/chicken/Arizona/24-034642-004/2024|EPI3819483|2024-11-20,2024.11.20
H5N1|A/chicken/Puerto_Rico/25-000491-002/2024|EPI4006402|2024-12-30,2024.12.30
H5N1|A/duck/USA/24-036645-017/2024|EPI3743502|2024-12-05,2024.12.5
H5N1|A/chicken/Czech_Republic/17125-4/2024|EPI3680110|2024-11-08,2024.11.8
H5N1|A/yellow-legged-gull/Italy/24VIR11136-1/2024|EPI3735912|2024-11-20,2024.11.20
H5N1|A/duck/Oregon/24-037944-001/2024|EPI3901497|2024-11-26,2024.11.26
H5N1|A/turkey/Idaho/25-000070-003/2024|EPI4006769|2024-12-26,2024.12.26
H5N1|A/large-billed_crow/Hokkaido/0112F074/2024|EPI3789930|2024-12-04,2024.12.4
H5N1|A/chicken/Czech_Republic/14504-3/2024|EPI3614454|2024-09-29,2024.9.29
H5N1|A/Hooded_crane/Kagoshima/KU-24-15/2024_(H5N1)|EPI3756793|2024-11-21,2024.11.21
H5N1|A/large-billed_crow/Aichi/TU17-47/2025|EPI3998121|2025-01-02,2025.1.2
H5N1|A/bald_eagle/Massachusetts/014126-005/2024|EPI3979689|2024-02-23,2024.2.23
H5N1|A/grey_heron/Italy/24VIR10730-1/2024|EPI3728645|2024-11-19,2024.11.19
H5N1|A/chicken/Oregon/24-037945-002/2024|EPI3901745|2024-12-10,2024.12.10
H5N1|A/pigeon/USA/24-032856-014/2024|EPI3678904|2024-10-30,2024.10.30
H5N1|A/goose/Oregon/24-031478-002/2024|EPI3647455|2024-10-22,2024.10.22
H5N1|A/hawk/Utah/24-004080-001-R2/2024|EPI3768011|2024-02-02,2024.2.2
H5N1|A/bald_eagle/Massachusetts/014126-004/2024|EPI3979697|2024-02-23,2024.2.23
H5N1|A/chicken/Louisiana/24-037801-001/2024|EPI3819539|2024-12-09,2024.12.9
H5N1|A/Greylag_Goose/Germany-BY/2024AI04219/2024|EPI3688020|2024-09-10,2024.9.10
H5N1|A/chicken/Moldova/3G-trachea_24VIR10981-44/2024|EPI3853218|2024-11-07,2024.11.7
H5N1|A/chicken/USA/24-031667-002/2024|EPI3630826|2024-10-25,2024.10.25
H5N1|A/swan/Germany-BY/2024AI04832/2024|EPI3687916|2024-11-04,2024.11.4
H5N1|A/chicken/Yamaguchi/23A3T/2024|EPI3879420|2024-01-26,2024.1.26
H5N1|A/Common_Buzzard/Germany-BW/2024AI01148/2024|EPI3073523|2024-02-06,2024.2.6
H5N1|A/turkey/Minnesota/24-038168-003/2024|EPI3901929|2024-12-19,2024.12.19
H5N1|A/chicken/Germany-SN/2024AI01300/2024|EPI3158618|2024-02-27,2024.2.27
H5N1|A/chicken/USA/24-037219-018/2024|EPI3742963|2024-12-10,2024.12.10
H5N1|A/turkey_vulture/Massachusetts/014126-068/2024|EPI3980567|2024-05-03,2024.5.3
H5N1|A/duck/California/24-035915-006-R2/2024|EPI4006577|2024-11-28,2024.11.28
H5N5|A/Great_Black-Backed_Gull/NL/FAV-0042-10/2025|EPI4019262|2025-01-12,2025.1.12
H5N1|A/large-billed_crow/Hokkaido/0102G060/2024|EPI3609527|2024-02-01,2024.2.1
H5N1|A/grey_goose/Austria/24153741-001/2024|EPI3721843|2024-11-18,2024.11.18
H5N1|A/Chicken/BC/FAV-0289-002/2024|EPI3651965|2024-11-08,2024.11.8
H5N1|A/chicken/Austria/24141056-001/2024|EPI3622165|2024-10-28,2024.10.28
H5N1|A/Branta_leucopsis/Belgium/01625_0001/2025|EPI4086546|2025-02-11,2025.2.11
H5N1|A/chicken/USA/24-031666-014/2024|EPI3648823|2024-10-25,2024.10.25
H5N5|A/American_Crow/PEI/FAV-0074-3/2024|EPI3433431|2024-02-09,2024.2.9
H5N1|A/mute_swan/Austria/24146284-001/2024|EPI3721819|2024-11-07,2024.11.7
H5N1|A/northern_shoveler/Washington/24-003120-021-original/2024|EPI3656484|2024-01-23,2024.1.23
H5N1|A/chicken/Hokkaido/E002/2024|EPI3616489|2024-10-17,2024.10.17
H5N1|A/turkey/Italy/24VIR8771-3/2024|EPI3609621|2024-10-10,2024.10.10
H5N5|A/European_herring_gullNorway/2024-07-2365/2024|EPI3618129|2024-09-27,2024.9.27
H5N5|A/large-billed_crow/Hokkaido/B117/2024|EPI3539811|2024-03-13,2024.3.13
H5N1|A/turkey/Minnesota/24-035524-003/2024|EPI3823657|2024-11-27,2024.11.27
H5N1|A/Larus_michaellis/Spain/3268-15_24VIR10678-33/2024|EPI3729815|2024-09-18,2024.9.18
H5N1|A/goose/Nebraska/24-037518-002/2024|EPI3901377|2024-12-13,2024.12.13
H5N1|A/common-buzzard/Northern-Ireland/25-000493_25VIR1319-5/2025|EPI4024132|2025-01-14,2025.1.14
H5N1|A/Barnacle_Goose/Germany-NI/2025AI00855/2025|EPI4070932|2025-01-17,2025.1.17
H5N1|A/domestic_duck/Poland/H488J/2024(H5N1)|EPI3685570|2024-11-08,2024.11.8
H5N1|A/chicken/Israel/1099/2024|EPI3910956|2024-09-23,2024.9.23
H5N1|A/pheasant/Kansas/24-001752-001-original/2024|EPI3528162|2024-01-18,2024.1.18
H5N1|A/chicken/USA/24-031667-006/2024|EPI3649832|2024-10-25,2024.10.25
H5N1|A/White_Stork/Germany-BW/2024AI05138/2024|EPI4028363|2024-12-11,2024.12.11
H5N1|A/chicken/Puerto_Rico/25-000491-003/2024|EPI4006394|2024-12-30,2024.12.30
H5N1|A/Ross's_goose/Kansas/W24-1031E/2024|EPI4100595|2024-12-04,2024.12.4
H5N5|A/Fulmar/Scotland/045255/2024|EPI3625582|2024-09-30,2024.9.30
H5N1|A/Yellow-legged_Gull/Italy/24VIR9144-2/2024|EPI3637684|2024-10-07,2024.10.7
H5N1|A/Large-billed_crow/Hokkaido/0112F070/2024_(H5N1)|EPI4095073|2024-12-02,2024.12.2
H5N1|A/mute-swan/Hungary/78927_25VIR1318-5/2024|EPI4024053|2024-10-03,2024.10.3
H5N1|A/chicken/Czech_Republic/19045-1/2024|EPI3785986|2024-12-07,2024.12.7
H5N1|A/mallard/Tennessee/132/2024|EPI4100711|2024-11-21,2024.11.21
H5N1|A/large-billed_crow/Hokkaido/B134/2024|EPI3539827|2024-04-09,2024.4.9
H5N1|A/pheasant/Illinois/24-034185-002/2024|EPI3819450|2024-11-15,2024.11.15
H5N1|A/whooper-swan/Romania/16057_25VIR1011-6/2024|EPI3943097|2024-12-11,2024.12.11
H5N1|>A/laying_hen/Poland/H411NM/2024(H5N1)|EPI3685425|2024-10-18,2024.10.18
H5N1|A/swan/Croatia/V-26-24-2_25VIR117-8/2024|EPI3861469|2024-03-06,2024.3.6
H5N1|A/chicken/California/25-000046-003/2024|EPI4006841|2024-12-30,2024.12.30
H5N1|A/canada_goose/Massachusetts/014126-030/2024|EPI3980767|2024-02-14,2024.2.14
H5N1|A/mute_swan/Poland/MB428NMJ/2024(H5N1)|EPI3686193|2024-10-31,2024.10.31
H5N1|A/turkey/Missouri/24-005371-001-original/2024|EPI3528402|2024-02-17,2024.2.17
H5N1|A/Hooded_crane/Kagoshima/KU-24-27/2024_(H5N1)|EPI3888533|2024-11-23,2024.11.23
H5N1|A/turkey/Italy/24VIR10956-3/2024|EPI3769529|2024-12-09,2024.12.9
H5N1|A/common_loon/Massachusetts/007608-009/2024|EPI3980167|2024-03-07,2024.3.7
H5N1|A/turkey/Poland/H36-T3/2024|EPI3017759|2024-02-05,2024.2.5
H5N1|A/sanderling/Virginia/W24-190C/2024|EPI3352895|2024-03-10,2024.3.10
H5N1|A/chicken/Iowa/24-037490-001/2024|EPI3901617|2024-12-13,2024.12.13
H5N1|A/red-tailed_hawk/California/24-003714-001/2024|EPI3338496|2024-01-27,2024.1.27
H5N1|A/mallard/Italy/24VIR9245-19/2024|EPI3627987|2024-10-19,2024.10.19
H5N1|A/chicken/Italy/24VIR9919-5/2024|EPI3651280|2024-11-12,2024.11.12
H5N1|A/chicken/Slovenia/PER1689-24T2AZ_24VIR9358-15/2024|EPI3637676|2024-10-16,2024.10.16
H5N1|A/mute_swan/Czech_Republic/17294-5/2024|EPI3680142|2024-11-08,2024.11.8
H5N1|A/chicken/USA/24-037217-023/2024|EPI3747164|2024-12-10,2024.12.10
H5N1|A/pheasant/Illinois/24-034185-004/2024|EPI3819466|2024-11-15,2024.11.15
H5N1|A/turkey/Nebraska/24-036590-006/2024|EPI3884832|2024-12-08,2024.12.8
H5N1|A/Peregrine_Falcon/Germany-BB/2024AI05139/2024|EPI4028371|2024-12-06,2024.12.6
H5N1|A/chicken/Iowa/24-036502-002/2024|EPI3901529|2024-12-08,2024.12.8
H5N1|A/chicken/USA/24-031285-001/2024|EPI3649683|2024-10-16,2024.10.16
H5N1|A/chicken/Idaho/24-037521-002/2024|EPI3901681|2024-12-12,2024.12.12
H5N1|A/chicken/Italy/25VIR67-1/2025|EPI3849299|2025-01-02,2025.1.2
H5N5|A/Herring_Gull/NS/FAV-0245-4/2024|EPI4019014|2024-04-05,2024.4.5
H5N1|A/wild_duck/Italy/24VIR10442-1/2024|EPI3679085|2024-11-27,2024.11.27
H5N1|A/chicken/Denmark/01352-7/2024|EPI3091486|2024-02-15,2024.2.15
H5N1|A/Larus_michaellis/Spain/2951-18_24VIR10678-26/2024|EPI3729768|2024-08-16,2024.8.16
H5N1|A/NothernGannet/France/24P013472/2024|EPI3651314|2024-06-21,2024.6.21
H5N1|A/chicken/Alabama/24-037981-001/2024|EPI3901769|2024-12-13,2024.12.13
H5N1|A/chicken/Arkansas/25-000084-002/2024|EPI4006889|2024-12-30,2024.12.30
H5N1|A/turkey/USA/24-028518-001/2024|EPI3604347|2024-09-26,2024.9.26
H5N1|A/turkey/Iowa/24-037492-002/2024|EPI3901657|2024-12-14,2024.12.14
H5N1|A/Mute_Swan/Mangystau/02/2024|EPI3433322|2024-01-09,2024.1.9
H5N1|A/chicken/USA/24-032191-004/2024|EPI3675713|2024-10-30,2024.10.30
H5N1|A/chicken/Tennessee/24-035519-003/2024|EPI3823761|2024-11-26,2024.11.26
H5N1|A/chicken/USA/24-037219-040/2024|EPI3742794|2024-12-10,2024.12.10
H5N1|A/black-headed-gull/Italy/32413-24VIR11314/2024|EPI3803185|2024-11-27,2024.11.27
H5N1|A/chicken/California/24-001558-005-original/2024|EPI3528130|2024-01-15,2024.1.15
H5N1|A/northern_shoveler/Washington/24-003120-031-original/2024|EPI3656515|2024-01-23,2024.1.23
H5N1|A/chicken/Czech_Republic/18104-1/2024|EPI3761457|2024-11-24,2024.11.24
H5N1|A/canada_goose/Massachusetts/004865-021/2024|EPI3980335|2024-01-23,2024.1.23
H5N1|A/chicken/Alaska/24-034057-002/2024|EPI3819587|2024-11-12,2024.11.12
H5N1|A/duck/California/24-035912-001-R2/2024|EPI4006681|2024-11-27,2024.11.27
H5N5|A/Great_Black-Backed_Gull/Scotland/043866/2024|EPI3625502|2024-09-19,2024.9.19
H5N1|A/duck/California/24-035915-002-R2/2024|EPI4006609|2024-11-28,2024.11.28
H5N1|A/mute_swan/Austria/24164821-002/2024|EPI3790147|2024-12-10,2024.12.10
H5N1|A/domestic-duck/Moldova/5R-brain_24VIR10981-35/2024|EPI3853199|2024-11-08,2024.11.8
H5N1|A/chicken/USA/24-031666-024/2024|EPI3649920|2024-10-25,2024.10.25
H5N1|A/pheasant/Italy/24VIR10385-1/2024|EPI3679117|2024-11-23,2024.11.23
H5N1|A/duck/California/24-035915-003-R2/2024|EPI4006601|2024-11-28,2024.11.28
H5N1|A/white-winged_scoter/Massachusetts/007607-001/2024|EPI3980223|2024-02-21,2024.2.21
H5N1|A/chicken/USA/24-032809-001/2024|EPI3673733|2024-11-05,2024.11.5
H5N1|A/chicken/Austria/24141056-011/2024|EPI3622178|2024-10-28,2024.10.28
H5N1|A/chicken/Slovakia/Vh-1999/2024|EPI3766360|2024-10-21,2024.10.21
H5N1|A/Greater_White-fronted_Goose/Netherlands/24000645-001/2024|EPI3054371|2024-01-10,2024.1.10
H5N1|A/Barnacle_Goose/Netherlands/24029792-001/2024|EPI3721550|2024-11-23,2024.11.23
H5N1|A/chicken/Hokkaido/J001/2024|EPI3665464|2024-11-11,2024.11.11
H5N1|A/Hooded_crane/Kagoshima/KU-24-8/2024_(H5N1)|EPI3756940|2024-11-19,2024.11.19
H5N1|A/chicken/Moldova/2G-brain_24VIR10981-43/2024|EPI3853213|2024-11-07,2024.11.7
H5N1|A/mute_swan/Austria/24137323-001/2024|EPI3721811|2024-10-17,2024.10.17
H5N1|A/Large-billed_crow/Hokkaido/0112M136/2024_(H5N1)|EPI4095065|2024-12-01,2024.12.1
H5N1|A/sanderling/Virginia/W24-190G/2024|EPI3355315|2024-03-08,2024.3.8
H5N1|A/Buteo_buteo/Belgium/01513_0001/2025|EPI4005849|2025-01-27,2025.1.27
H5N5|A/peregrine_falcon/Kumamoto/4301C001/2024|EPI3007140|2024-01-16,2024.1.16
H5N5|A/Herring_Gull/England/141019/2024|EPI3625694|2024-10-08,2024.10.8
H5N1|A/turkey/South_Dakota/24-035932-001/2024|EPI3823833|2024-12-02,2024.12.2
H5N1|A/pheasant/Kansas/24-037794-006/2024|EPI3901449|2024-12-16,2024.12.16
H5N1|A/chicken/USA/24-031666-029/2024|EPI3649872|2024-10-25,2024.10.25
H5N1|A/chicken/Missouri/24-037561-001/2024|EPI3901409|2024-12-14,2024.12.14
H5N1|A/duck/Bangladesh/61856/2024|EPI3559818|2024-02-23,2024.2.23
H5N1|A/turkey/Croatia/V-106-24_25VIR117-11/2024|EPI3621421|2024-10-15,2024.10.15
H5N1|A/wild_goose/Germany-NW/2024AI02730/2024|EPI3607224|2024-06-25,2024.6.25
H5N1|A/turkey/Minnesota/24-037987-002/2024|EPI3901817|2024-12-16,2024.12.16
H5N1|A/american_crow/Massachusetts/014126-039/2024|EPI3980706|2024-04-19,2024.4.19
H5N1|A/chicken/Egypt/RLQP-1/2025|EPI3963527|2025-01-22,2025.1.22
H5N1|A/European_herring_gull/Netherlands/7/2024|EPI3884574|2024-12-15,2024.12.15
H5N1|A/EuropeanHerringGull/France/24P019647/2024|EPI3651370|2024-10-23,2024.10.23
H5N1|A/White_Stork/Germany-BY/2025AI00446/2025|EPI4028347|2025-01-14,2025.1.14
H5N1|A/turkey/South_Dakota/24-036844-002/2024|EPI3884896|2024-12-10,2024.12.10
H5N1|A/duck/Bangladesh/61900/2024|EPI3559787|2024-02-23,2024.2.23
H5N1|A/chicken/Germany-SH/2024AI05008/2024|EPI3687972|2024-11-22,2024.11.22
H5N1|A/mallard/Italy/24VIR10004-16/2024|EPI3679053|2024-11-10,2024.11.10
H5N1|A/turkey/Czech_Republic/17569-2/2024|EPI3680222|2024-11-15,2024.11.15
H5N5|A/Great_Black-Backed_Gull/NS/FAV-0393-1/2024|EPI4019086|2024-11-08,2024.11.8
H5N1|A/turkey/South_Dakota/24-037530-002/2024|EPI3901713|2024-12-13,2024.12.13
H5N1|A/muscovy_duck/Austria/24119388-002/2024/|EPI3581845|2024-09-13,2024.9.13
H5N1|A/duck/Bangladesh/61855/2024|EPI3559826|2024-02-23,2024.2.23
H5N1|A/chicken/Florida/24-029152-002/2024|EPI3678944|2024-10-02,2024.10.2
H5N1|A/sanderling/Massachusetts/007606-006/2024|EPI3980263|2024-02-12,2024.2.12
H5N1|A/domestic-duck/Moldova/1R-brain_24VIR10981-19/2024|EPI3853179|2024-11-08,2024.11.8
H5N1|A/large-billed_crow/Osaka/2702A045/2024|EPI3182761|2024-02-15,2024.2.15
H5N1|A/EuropeanHerringGull/France/24P018181/2024|EPI3651354|2024-10-09,2024.10.9
H5N1|A/chicken/West_Virginia/25-000049-006/2024|EPI4006354|2024-12-31,2024.12.31
H5N1|A/chicken/USA/24-033699-002/2024|EPI3678772|2024-10-30,2024.10.30
H5N5|A/Duck/Norway/2024-07-3002-2/2024|EPI3658351|2024-11-12,2024.11.12
H5N1|A/laying-hen/Italy/25VIR768-1/2025|EPI3932284|2025-01-24,2025.1.24
H5N1|A/chicken/USA/24-031286-007/2024|EPI3649507|2024-10-15,2024.10.15
H5N1|A/turkey/USA/24-031284-020/2024|EPI3648767|2024-10-17,2024.10.17
H5N1|A/pheasant/California/25-000138-005/2024|EPI4006489|2024-12-30,2024.12.30
H5N1|A/turkey/South_Dakota/24-036599-002/2024|EPI3884912|2024-12-06,2024.12.6
H5N1|A/mallard/Alaska/24-008163-001-original/2024|EPI3784302|2024-03-07,2024.3.7
H5N5|A/Fulmar/England/140702/2024|EPI3625566|2024-09-27,2024.9.27
H5N1|A/chicken/Iowa/24-037488-001/2024|EPI3901553|2024-12-14,2024.12.14